City,State,Country,Property Type Cleaned,Sub-Area Cleaned,Company Name Cleaned,TownShip Name/ Society Name Cleaned,Description Cleaned,ClubHouse Cleaned,School / University in Township Cleaned,Hospital in TownShip Cleaned,Mall in TownShip Cleaned,Park / Jogging track Cleaned,Swimming Pool Cleaned,Gym Cleaned,Property Area in Sq. Ft. Cleaned,Price in lakhs Cleaned
pune,maharashtra,india,1,bavdhan,shapoorji paloonji,vanaha,shapoorji paloonji comunity located in the suburbs of bavadhan locality is situated in a pleasant environment around. this 1bhk property comes with a swimming pool and parking facilty in the community. it also comes with temples and churches near by for devotional purposes,1,1,1,1,1,1,1,492.0,39.0
pune,maharashtra,india,2,bavdhan,shapoorji paloonji,vanaha,vanaha township located near the lonavala hill range. offers a very greenery filled environment and a friendly community. comes with a 2bhk well furnished home at affordable price,1,1,1,1,1,1,1,774.0,65.0
pune,maharashtra,india,3,bavdhan,shapoorji paloonji,vanaha,"vanaha society is suitable for all aged group people with a playareafor kids, woodland for the teen's and a park for elderly person's to find the serenity. this community also offers clubhouse and gym facilities.",1,1,1,1,1,1,1,889.0,74.0
pune,maharashtra,india,3,bavdhan,shapoorji paloonji,vanaha,"vanaha township are offering 3bhk grand prpoerties at bavdhan area, pune. the newly launched project has podium level amenities that speak the language of great design and functionality.",1,1,1,1,1,1,1,1018.0,89.0
pune,maharashtra,india,2,mahalunge,godrej properties,godrej hills retreat,"the area is a hub of prestigious schools like bishop’s high school, vibgyor intl. school, boston world school. it also offers quick access to important highways such as pune-bengaluru, pune-solapur & pune-mumbai expressway.",1,1,1,1,1,1,1,743.0,74.0
pune,maharashtra,india,3,mahalunge,godrej properties,godrej hills retreat,"strategically located in mahalunge, pune's quaint, nature-loving and yet, well-connected suburb, godrej hills retreat welcomes you to experience the height of high living.",1,1,1,1,1,1,1,975.0,95.0
pune,maharashtra,india,2,balewadi,anp corp,anp universe,"the project boasts 6 elegant towers of 11 & 12 stories, offering 2 & 3 bedroom apartment in balewadi,pune with the quality specification and great community living in form of amenities like a well-equipped clubhouse and landscape garden.",1,0,0,0,1,1,1,894.5,75.0
pune,maharashtra,india,3,balewadi,anp corp,anp universe,"the project boasts 6 elegant towers of 11 & 12 stories, offering 2 and 3 bedroom apartment in balewadi,pune with the quality specification and great community living in form of amenities like swimming pools, club house and gym.",1,0,0,0,1,1,1,1174.5,100.0
pune,maharashtra,india,2,ravet,urban space creator,urban skyline,"urban space creator project has 2 &3 bhk flats in ravet, pune. it is a new residential construction in pune. the project is nestled amongst reputed eon & ravet it parks, world-class amanora & seasons malls. the project offers flats for sale in ravet.",1,0,0,0,1,1,1,905.0,65.0
pune,maharashtra,india,3,ravet,urban space creator,urban skyline,"one of the top residential hubs in pune, it is well-connected to other parts of pune such as pimpri and talegaon. areas like aundh, wakad ,saudagar etc. are also easily accessible from the region.",1,0,0,0,1,1,1,1125.0,88.0
pune,maharashtra,india,4,ravet,urban space creator,urban skyline,"the newly launched project has podium level amenities that speak the language of great design and functionality.the township is nestled at the intersection of three major routes viz. old nh-4 highway, katraj-dehu road and mumbai-pune expressway.",1,0,0,0,1,1,1,1644.0,135.0
pune,maharashtra,india,5,ravet,urban space creator,urban skyline,"located in north-western pune, it is surrounded with natural greens and gets ample fresh air. also offers with many temples and churches nearby for religious activities to be done. it also comes with a package of swimming pools, gym and etc.",1,0,0,0,1,1,1,2220.0,188.0
pune,maharashtra,india,6,ravet,urban space creator,urban skyline,urban space creator is amongst the best project in pune using modern technology construction for superstructure called alu-form system wherein walls and slabs for a typical floor gets cast at one time.,1,0,0,0,1,1,1,2220.0,188.0
pune,maharashtra,india,2,baner,vtp reality,vtp cierra,vtp cierra is a smartly designed project of 2bhk apartments by vtp reality. vtp cierra offers you state of the art amenities and at the same time is budget friendly.,1,0,0,0,1,1,1,753.5,58.0
pune,maharashtra,india,3,baner,vtp reality,vtp cierra,"vtp cierra is a smartly designed project of 2bhk apartments by vtp reality. it has various schools, colleges, hospitals, eateries , malls , banks and atm's nearby.",1,0,0,0,1,1,1,1051.0,95.0
pune,maharashtra,india,1,mahalunge,vtp reality,vtp blue water,"vtp blue water offers you state of the art amenities and at the same time is budget friendly too each apartment is designed with utmost precision and planned to perfection, with temples surrounded and fresh environment around",1,0,0,0,1,1,1,423.0,40.0
pune,maharashtra,india,2,mahalunge,vtp reality,vtp blue water,"each apartment in vtp blue wateris designed with utmost precision and planned to perfection.its strategic location gives you close proximity to pune airport, business bay , kharadi, shivajinagar, pune- mumbai highway, nagar road, phoenix market city, poona club.",1,0,0,0,1,1,1,665.0,58.0
pune,maharashtra,india,3,mahalunge,vtp reality,vtp blue water,"vtp blue water is a smartly designed project of 2bhk apartments by vtp reality. its strategic location gives you close proximity to pune airport, business bay , kharadi, shivajinagar, pune- mumbai highway, nagar road, phoenix market city, poona club.",1,0,0,0,1,1,1,878.5,78.0
pune,maharashtra,india,1,ravet,waghvani constructions,om mangalam chaitanya,"the project boasts 6 elegant towers of 11 & 12 stories, offering 2 & 3 bedroom apartment in ravet pune with the quality specification and great community living in form of amenities like a well-equipped clubhouse, swimming pool, children's play park and a gym area.",1,0,0,0,1,1,1,462.0,36.0
pune,maharashtra,india,2,ravet,waghvani constructions,om mangalam chaitanya,"booming with commercial and residential growth, infrastructural development and high appreciation, ravet is the next big destination, with our humongorous om mangalam chaitanya property being there.offers you state of the art amenities and at the same time is budget friendly.",1,0,0,0,1,1,1,666.0,48.0
pune,maharashtra,india,2,ravet,sukwani associates,sukwani aspire,"the robust infrastructure, quality materials, thoughtful design, and impressive facades are a hallmark of excellence developed by godrej properties. it also come with a swimming pool and a gym for physical activities",1,0,0,0,1,1,1,750.0,57.0
pune,maharashtra,india,3,ravet,sukwani associates,sukwani aspire,"welcome to sukwani aspire – flats in ravet an excellent opportunity in a rapidly growing residential area for a great living. situated in ravet, sukwani aspire location translates into an advantageous investment in east pune’s most flourishing location.",1,0,0,0,1,1,1,1030.0,79.0
pune,maharashtra,india,1,kharadi,mantra properties,mantra 29 gold,"mantra 29 gold is a wonderful property offering 1 bedroom apartments with ready lifestyle amenities. from health to nature to entertainment, it offers a complete package to satisfy everyone in your family. in short, mantra 29 gold is the best value that you will get for your money.",1,0,0,0,1,0,1,446.0,37.0
pune,maharashtra,india,2,kharadi,mantra properties,mantra 29 gold,"mantra 29 gold is a wonderful property offering 2 bedroom apartments with ready lifestyle amenities. from health to nature to entertainment, it offers a complete package to satisfy everyone in your family.",1,0,0,0,1,0,1,796.0,57.0
pune,maharashtra,india,2,kharadi,mantra properties,mantra 29 gold,"mantra 29 gold comes with connectivity to the kharadi it hub and the booming industrial belt of rajangaon-lonikand, kharadi is fast transforming into pune’s most sought-after destination. easy accessibility to pune airport, star hotels and lifestyle malls adds greater value for a convenient and happy lifestyle.",1,0,0,0,1,0,1,842.0,59.0
pune,maharashtra,india,2,kharadi,mantra properties,mantra 29 gold,"mantra 29 gold offers you state of the art amenities and at the same time is budget friendly. proximity to kalyani nagar, ranjangaon industrial area, and it hubs at kharadi, kalyani nagar, and magarpatta.",1,0,0,0,1,0,1,865.0,61.0
pune,maharashtra,india,2,kharadi,mantra properties,mantra 29 gold,"easy access to the upcoming metro station under the proposed metro phase – 1 (linking vanaz to ramwadi). more than 400 resident families at mantra 29 gold are already enjoying a happy lifestyle, which makes this your best choice",1,0,0,0,1,0,1,902.0,63.0
pune,maharashtra,india,2,kharadi,mantra properties,mantra 29 gold,mantra properties proudly presents the gold standard in community living.these imposing 32 storey towers are spread over a sprawling 7 acres. close to star hotels and lifestyle. easy connectivity to pune airport.,1,0,0,0,1,0,1,1154.0,79.0
pune,maharashtra,india,3,kharadi,mantra properties,mantra 29 gold,"designed by p&t singapore, one of the worlds best architect firms, the homes are seamless blend of the mantra 29 gold standard of lifestyle and affordability. on the inside, its compact 1,2 & 3 bhk apartements offer you an exceptional lifestyle. with all basic amenities included.",1,0,0,0,1,0,1,872.0,61.0
pune,maharashtra,india,3,kharadi,mantra properties,mantra 29 gold,"welcome to mantra 29 gold – 3 bhk flats in kharadi an excellent opportunity in a rapidly growing residential area for a great living.amenities area reserved at the top terrace, indoor games for children on the 7th floor and a 2 – level parking for convenience make this project truly unique.",1,0,0,0,1,0,1,934.0,65.0
pune,maharashtra,india,3,kharadi,mantra properties,mantra 29 gold,"mantra 29 gold's – 3 bhk flats, location translates into an advantageous investment in east pune’s most flourishing location. with connectivity to wadgaon sheri, pune it hub and the booming industrial belt of ranjangaon – lonikand, kharadi near pune is fast transforming into pune’s most sought-after destination.",1,0,0,0,1,0,1,1088.0,73.0
pune,maharashtra,india,3,kharadi,mantra properties,mantra 29 gold,"mantra 29 gold offers stylish 3 bedroom apartments.easy accessibility to pune airport, star hotels and lifestyle malls add greater value for a convenient and happy lifestyle.",1,0,0,0,1,0,1,1109.0,76.0
pune,maharashtra,india,3,kharadi,mantra properties,mantra 29 gold,"with over 50+ years of excellence in real estate executing successful commercial and residential projects, mega townships, it parks, retail malls in pune, this is one of our best. it come with a huge swimming pool, a well built gym and a recreational club.",1,0,0,0,1,0,1,1163.0,80.0
pune,maharashtra,india,3,kharadi,mantra properties,mantra 29 gold,"mantra 29 gold project has 2 &3 bhk flats in kharadi, pune. it is a new residential construction in pune. the project is nestled amongst reputed eon & ravet it parks, world-class amanora & seasons malls. the project offers flats for sale in kharadi.",1,0,0,0,1,0,1,1419.0,96.0
pune,maharashtra,india,3,kharadi,mantra properties,mantra 29 gold,"mantra 29 gold is one of the top residential hubs in pune, it is well-connected to other parts of pune such as pimpri and talegaon. areas like aundh, wakad etc. are also easily accessible from the region.",1,0,0,0,1,0,1,1485.0,100.0
pune,maharashtra,india,2,balewadi,mantra properties,mantra monarch,"the newly launched project mantra 29 gold has podium level amenities that speak the language of great design. the township is nestled at the intersection of 2 major routes , old nh-4 highway and mumbai-pune expressway.",1,0,0,0,1,1,1,684.0,70.0
pune,maharashtra,india,3,balewadi,mantra properties,mantra monarch,"located in south-western pune, it is surrounded with natural greens and gets ample fresh air. also offers with many temples and churches nearby for religious activities to be done. it also comes with a package of swimming pools, gym and club house with ample of amenities etc.",1,0,0,0,1,1,1,990.0,90.0
pune,maharashtra,india,2,koregaon park,mantra properties,infinity,"infinity is amongst the best project in pune using modern technology construction for superstructure called alu-form system wherein walls and slabs for a typical floor gets cast at one time.multipurpose hall with outdoor party terrace,gymnasium,indoor kids’ play area with games room.",1,0,0,0,1,1,1,882.0,97.0
pune,maharashtra,india,3,koregaon park,mantra properties,infinity,"infinity offers a a serene and peaceful ambience, easy connectivity to pune airport, close to star hotels and lifestyle malls like phoenix market city, amonora town centre and seasons mall.",1,0,0,0,1,1,1,1103.0,120.0
pune,maharashtra,india,1,keshav nagar,mantra properties,mantra insignia,"mantra insignia – 1 bhk flats in keshav nagar, pune. mantra insignia is as much of a nature lover’s paradise as it is a delight for the aficionados of gracious living.",1,0,0,0,1,1,1,543.0,42.0
pune,maharashtra,india,2,keshav nagar,mantra properties,mantra insignia,"manta insignia located in the prime locality of keshav nagar, this residential property is the perfect abode for those who prefer a home away from the madding crowds, and yet want to be connected to the trappings of modern living.",1,0,0,0,1,1,1,963.0,57.0
pune,maharashtra,india,1,kirkatwadi sinhagad road,mantra properties,7hills,"brilliant architecture, spectacular designs, marvellous finesse all these are yet a notch lower than what defines7 hills at kirkatwadi sinhagad road . enwrapped in the swarovski glamour, these edifices host 1,2 and 3 bedroom luxury apartments in kirkatwadi sinhagad road, punes burgeoning east.",1,0,0,0,1,1,1,320.0,14.0
pune,maharashtra,india,2,kirkatwadi sinhagad road,mantra properties,7hills,"whether you are looking for a cozy, comfortable home amidst nature, or an astute investment that is bound to give high returns, 7 hills qualifies on all counts with,swimming pool, clubhouse,fully equipped gymnasium and children’s play area.",1,0,0,0,1,1,1,473.0,22.0
pune,maharashtra,india,3,kirkatwadi sinhagad road,mantra properties,7hills,"7 hill, a 400 acre destination at kirkatwadi sinhagad road is the long-awaited response for progressive, luxurious, world-class projects in pune. it has house premium projects that offer all lifestyle experiences, without the urban difficulties of pollution, traffic, space congestion and more.",1,0,0,0,1,1,1,581.0,26.0
pune,maharashtra,india,2,akurdi,mantra properties,mantra sky tower,"mantra sky tower also offers to create an enthralling living experience that is harmonious and sensitive to the surrounding ecology, and yet facilitates a high-quality lifestyle that is built on robust foundations of universal design and world-class infrastructure. the 400-acre project would be developed in multiple phases and may contain it parks, schools, hospitals, multiplexes and much more.",1,0,0,0,1,1,1,790.0,80.0
pune,maharashtra,india,2,akurdi,mantra properties,mantra sky tower,"welcome to mantra sky tower. a project that lives up to its name in every which way you see. sky tower is truly surrounded by luxury from all sides. and yet, it plays the perfect host to nature. if you are the sort who loves to come home to luxury that is not obtrusive, or overbearing, but has a delightful joie de vivre about it, you will not be disappointed.",1,0,0,0,1,1,1,820.0,83.0
pune,maharashtra,india,3,akurdi,mantra properties,mantra sky tower,"mantra sky tower – affords you the unique privilege of being cocooned in your own private domain, away from the prying world, while giving you swift and ready access to your city needs and its bright lights. whether its shopping, your kid’s school, or healthcare – it is all just a few minutes’ drive away from home.",1,0,0,0,1,1,1,989.0,101.0
pune,maharashtra,india,3,akurdi,mantra properties,mantra sky tower,"peninsula provides easy connectivity to kothrud, baner, balewadi, hinjewadi it park, pashan, aundh, besides pune-mumbai and mumbaibengaluru highway.ammenities like,tennis court and multi purpose hall are available.",1,0,0,0,1,1,1,1003.0,103.0
pune,maharashtra,india,3,akurdi,mantra properties,mantra sky tower,"the mantra project boasts 5 elegant towers of 12 stories each, offering 2 & 3 bedroom apartment in akurdi pune with the quality specification, pleasing design, and great community living in form of amenities like a well-equipped clubhouse, swimming pool, children’s play park, and landscape garden.",1,0,0,0,1,1,1,1182.0,128.0
pune,maharashtra,india,5,akurdi,mantra properties,mantra sky tower,"with shopping, entertainment, education, health, and transport facilities within 3 to 10 km vicinity, mantra sky tower – a complete package of quality living with happiness and peace of mind!",1,0,0,0,1,1,1,1579.0,163.0
pune,maharashtra,india,0,pimpri pune,ravima ventures,the work club,"the ravima project boasts 5 elegant towers of 12 stories each, offering 2 & 3 bedroom apartment in pimpri pune with the quality specification, pleasing design, and great community living in form of amenities like a well-equipped children’s play park, and landscape garden.",0,0,0,0,1,0,1,163.0,54.0
pune,maharashtra,india,1,tathawade,ravima ventures,newton homes,"brilliant architecture, spectacular designs, marvellous finesse all these are yet a notch lower than what defines7 hills at tathawade . enwrapped in the swarovski glamour, these edifices host 1,2 and 3 bedroom luxury apartments in tathawade, punes burgeoning west.",0,0,0,0,1,0,1,491.0,39.0
pune,maharashtra,india,2,tathawade,ravima ventures,newton homes,"ravima ventures also offers to create an enthralling living experience that is harmonious and sensitive to the surrounding ecology, and yet facilitates a high-quality lifestyle that is built on robust foundations of universal design and world-class infrastructure. the 400-acre project would be developed in multiple phases and may contain it parks, multiplexes and much more.",0,0,0,0,1,0,1,659.0,51.0
pune,maharashtra,india,2,tathawade,ravima ventures,newton homes,"newton home's – 3 bhk flats, location translates into an advantageous investment in north pune’s most flourishing location. with connectivity to tathwade, pune it hub and the booming industrial belt tathwade near pune is fast transforming into pune’s most sought-after destination.",0,0,0,0,1,0,1,732.0,60.0
pune,maharashtra,india,3,tathawade,ravima ventures,newton homes,"newton homes located in the prime locality of tathwade, this residential property is the perfect abode for those who prefer a home away from the madding crowds, and yet want to be connected to the trappings of modern living.",0,0,0,0,0,0,1,809.0,66.0
pune,maharashtra,india,1,hadapsar,proviso group,lesiure town,"presenting proviso group, a thoughtfully designed architectural marvel with an essence of greek lifestyle in every aspect, right amidst the flourishing neighbourhood of hadapsar. from seamless connectivity to uninterrupted views of the vicinity, this project provides the best of comfort & conveniences.",0,0,0,0,1,1,1,460.0,45.5
pune,maharashtra,india,2,hadapsar,proviso group,lesiure town,leisure town are offering 2 & 3 bhk flats in hadapsar – pune. the newly launched project has podium level amenities that speak the language of great design and functionality.,0,0,0,0,1,1,1,734.0,72.5
pune,maharashtra,india,2,hadapsar,proviso group,lesiure town,"the robust infrastructure, quality materials, thoughtful design, and impressive facades are a hallmark of excellence developed by proviso group . with swimming pool and gym facilities. temples and churches are nearby",0,0,0,0,1,1,1,753.0,73.5
pune,maharashtra,india,2,hadapsar,ravima ventures,newton homes,"the ravima project boasts 6 elegant towers of 11 & 12 stories, offering 2 & 3 bedroom apartment in hadapsar,pune with the quality specification and great community living in form of amenities like a well-equipped clubhouse and landscape garden.",0,0,0,0,1,0,0,675.0,62.0
pune,maharashtra,india,3,hadapsar,ravima ventures,newton homes,"the newton homes project boasts 6 elegant towers of 11 & 12 stories, offering 3 bedroom apartment in hadapsar,pune with the quality specification and great community living in form of amenities like park and garden",0,0,0,0,1,0,0,917.0,84.0
pune,maharashtra,india,2,kiwale,unique properties,k ville,"presenting k ville, a thoughtfully designed architectural marvel with an essence of greek lifestyle in every aspect, right amidst the flourishing neighbourhood of kiwale. from seamless connectivity. here, discover various unique lifestyle avenues catering to the needs of every age group within a vibrant community of like-minded residents.",1,0,0,0,1,1,0,670.0,54.14
pune,maharashtra,india,2,kiwale,unique properties,k ville,"located in the prime locality of kiwale, this residential property is the perfect abode for those who prefer a home away from the madding crowds, and yet want to be connected to the trappings of modern living. the pristine pashan lake is virtually your neighbour, and coming home to the soft murmurs of its lapping waters is a luxury not many are privy too.",1,0,0,0,1,1,0,740.0,58.32
pune,maharashtra,india,2.5,kiwale,unique properties,k ville,"a perfect blend of luxury, convenience and connectivity, k ville features an environment that revolves around your lifestyle, not the other way round. being located amidst the city's top social infrastructure this address offers unmatched connectivity to various landmarks.",1,0,0,0,1,1,0,847.0,69.38
pune,maharashtra,india,2.5,kiwale,unique properties,k ville,"a project of 2 & 3 bhk residences, every feature here has been thoughtfully planned keeping you and loved ones in mind. we at unique believe that the key to true happiness lies in spending quality time with your near and dear ones. even the amenities, spread across 37,000 sq.ft. will leave you with plenty of avenues to discover the fun side of life.",1,0,0,0,1,1,0,936.0,75.03
pune,maharashtra,india,3,kiwale,unique properties,k ville,"located in the beautiful, upscale locale of kiwale that stands out as a true symbol of tasteful luxurious living. this lavish and thoughtfully designed multi-storied project consists of 154 units of apartments. each home features dedicated 
wardrobe niches in master bedroom, branded bathroom fittings, space-efficient for modular kitchen, and large living space.",1,0,0,0,1,1,0,990.0,79.02
pune,maharashtra,india,3,kiwale,unique properties,k ville,"offering configurations for flats in kiwale, the project is located away from the hustle and bustle of city life. gear up to calmer and peaceful environs own home at happycity k villenow!",1,0,0,0,1,1,0,1032.0,82.1
pune,maharashtra,india,3,kayani nagar,sagitarius ecospaces llp,bluegrass residences,"the project boasts 3 elegant towers of 12 stories, offering 2,3 & 4 bedroom apartment in model colony, kalyani nagar, pune. with the quality specification, pleasing design, and great community living in form of amenities like a well-equipped clubhouse, children's play area, and senior citizen area.",1,0,0,0,1,1,1,1698.0,249.0
pune,maharashtra,india,4,kayani nagar,sagitarius ecospaces llp,bluegrass residences,"the project boasts 3 elegant towers of 12 stories, offering 2,3 & 4 bedroom apartment in kalyani nagar, pune. with the quality specification, pleasing design, and great community living in form of amenities like a well-equipped clubhouse, children's play area, and senior citizen area.",1,0,0,0,1,1,1,2267.0,460.0
pune,maharashtra,india,2,pisoli,nirman developers,brookefield willows,"brookefield willows is offering residential 2 bhk and office spaces at affordable pricing. a great strategic location in pisoli, the highway & expressway has great connectivity.",1,0,0,0,1,1,1,670.0,45.75
pune,maharashtra,india,2,pisoli,nirman developers,brookefield willows,"the project offers elegant bhk homes that spell sophistication in its truest sense. here every day you'll be mesmerised by the scenic setting of the meandering indrayani river, rollicking hills.",1,0,0,0,1,1,1,725.0,49.34
pune,maharashtra,india,2,pisoli,nirman developers,brookefield willows,the project offers elegant 1 & 2 bhk homes that spell sophistication in its truest sense. with temples nearby to visit and spend your eveing,1,0,0,0,1,1,1,731.0,49.74
pune,maharashtra,india,2,pisoli,nirman developers,brookefield willows,the project offers elegant 1 & 2 bhk homes that spell sophistication in its truest sense. gear up to calmer and peaceful environs own home at happycity brookfield willows,1,0,0,0,1,1,1,744.0,50.56
pune,maharashtra,india,3,pisoli,nirman developers,brookefield willows,the project offers elegant 1 & 2 bhk homes that spell sophistication in its truest sense. being located amidst the city's top social infrastructure this address offers unmatched connectivity to various landmarks.,1,0,0,0,1,1,1,923.0,923.0
pune,maharashtra,india,3,pisoli,nirman developers,brookefield willows,"the project offers elegant 1 & 2 bhk homes that spell sophistication in its truest sense. here, discover various unique avenues catering to the needs of every age group within a vibrant community of like-minded residents.",1,0,0,0,1,1,1,930.0,930.0
pune,maharashtra,india,1,manjri,jhala group,tranquility annexe,"at tranquility annexe, we're creating homes that honor your need for space and celebrate it. we bring you spacious apartments, equipped with all the trending amenities and high end specifications.",1,0,0,0,1,1,1,446.0,36.0
pune,maharashtra,india,2,manjri,jhala group,tranquility annexe,"at tranquility annexe, happiness isn't confined to small spaces. it runs freely amidst the big balconies, leaps forward in the open areas and stares joyfully at the vast skies. so, leave behind all your compromises , space crunches and small dreams.",1,0,0,0,1,1,1,670.0,55.0
pune,maharashtra,india,2.5,manjri,jhala group,tranquility annexe,"the project boasts 3 elegant towers of 12 stories, offering 2,3 & 4 bedroom apartment in manjri, pune. ammenities like,tennis court and multi purpose hall are available.",1,0,0,0,1,1,1,792.0,65.5
pune,maharashtra,india,2,mahalunge,jhala group,mahalunge riviera,"at mahalunge riviera .we bring you spacious apartments, equipped with all the trending amenities and high end specifications.",1,0,0,0,1,1,1,1180.0,68.0
pune,maharashtra,india,2,mahalunge,jhala group,mahalunge riviera,"at mahalunge riviera , we're creating homes that honor your need for space and celebrate it. with temples nearby to visit and spend your eveing",1,0,0,0,1,1,1,860.0,65.0
pune,maharashtra,india,3,mahalunge,jhala group,mahalunge riviera,"at mahalunge riviera , we're creating homes that honor your need for space and celebrate it. here, discover various unique lifestyle avenues catering to the needs of every age group within a vibrant of like-minded residents.",1,0,0,0,1,1,1,988.0,92.0
pune,maharashtra,india,3,mahalunge,jhala group,mahalunge riviera,"at mahalunge riviera , we're creating homes that honor your need for space and celebrate it. even the amenities, spread 37,000 sq.ft. will leave you with plenty of avenues to discover the fun side of life.",1,0,0,0,1,1,1,1093.0,92.0
pune,maharashtra,india,1,handewadi,jhala group,simplicity,"simplicity is situated at the entrance of pune and has close access to old and new highway. simplicity is an endeavor which boasts of high quality product in its class, cn heights la a p+12 story residential building of three towers and spread on 7 acres of land and 144 units of 2 and 3 bhk in total",1,0,0,0,1,0,1,456.0,33.5
pune,maharashtra,india,2,handewadi,jhala group,simplicity,"simplicity is situated at the entrance of pune and has close access to old and new highway. simplicity is an endeavor which boasts of high quality product in its class, cn heights la a p+12 story residential building of three towers and spread on 7 acres of land and 144 units. also come with temples and religious plces nearby",1,0,0,0,1,0,1,644.0,47.3
pune,maharashtra,india,2.5,handewadi,jhala group,simplicity,simplicity is situated at the entrance of pune and has close access to old and new highway. cn heights has p+12 story residential of three towers and spread on 7 acres of land and 144 units of 2 and 3 bhk in total .,1,0,0,0,1,0,1,785.0,55.22
pune,maharashtra,india,3,koregoan,shroff developers,aureta,"come claim your dream welcome to a space that is right sized to accommodate all your dreams, ideas and activities. we have enhanced the size with meticulous planning and utmost space optimization.aureta has an extra edge in space and style so that you can explore your dream decor.",0,0,0,0,1,1,1,1060.0,136.0
pune,maharashtra,india,3.5,koregoan,shroff developers,aureta,avani is an excellent combination of cool connectivity and hot lifestyle.this rare residential opportunity has in store appreciation and much more.,0,0,0,0,1,1,1,113.0,143.0
pune,maharashtra,india,2,mundhwa,unique properties,unique legacy royale,"fired by the desire to create thoughtfully designed homes that value innovation, unique properties in pune - unique legacy royale incorporates contemporary designs, lifestyle features and community amenities that appeal to everyone.",0,0,0,0,1,0,1,664.0,47.59
pune,maharashtra,india,2,mundhwa,unique properties,unique legacy royale,"it offers a childrens play area, landscaped gardens and a host of other extravagant amenities. with its earthquake-resistant framed structure, top-quality paint and woodwork, generator backup, premium quality modular switches, etc. it is quite literally, a dream seen with open eyes. step into the arcus of life",0,0,0,0,1,0,1,670.0,47.7
pune,maharashtra,india,2,mundhwa,unique properties,unique legacy royale,"elevation that stands out. sets you apart. experience the architecture and the smartly sketched project layout.unique legacy royale is a property masterpiece that would stand out. its a cluster of upscale homes, complemented well by good set of amenities.",0,0,0,0,1,0,1,673.0,47.8
pune,maharashtra,india,2,mundhwa,unique properties,unique legacy royale,"the outer row of shops in the frontal area will definitely add a lot of value. its a convenient shopping at your doorstep! as desired by you, a home here would up your status & set you distinctively apart in your social acquaitances.",0,0,0,0,1,0,1,682.0,47.91
pune,maharashtra,india,2,mundhwa,unique properties,unique legacy royale,unique legacy royale is in the heart of the city. its your forever. from the landscaped ground to the amenities spaces on zero level to the recreational and leisure zones on the terrace level there are myriad routes to explore en route to never ending delight.,0,0,0,0,1,0,1,698.0,48.02
pune,maharashtra,india,3,nibm,kundan spaces,presidia,"feel the stresses of daily life fall away as you enter your home. attractive elevation at the main gate, 2 automatic elevators, 3 level security, digital locking system for main door, video door phone and intercom facility, invertor backup for each flat.",1,0,0,0,1,1,1,1239.0,161.0
pune,maharashtra,india,3,nibm,kundan spaces,presidia,"in presidia there is a provision for piped gas by mngl, firefighting systems with emergency alarams, solar water systems, provision for common dish antenna.",1,0,0,0,1,1,1,1315.0,170.0
pune,maharashtra,india,3,nibm,kundan spaces,presidia,urban lifestyle comes with chaos - where everyone is trying to reach somewhere. presenting a new residential address in nibm to melt that chaos into calm.,1,0,0,0,1,1,1,1388.0,178.0
pune,maharashtra,india,3,nibm,kundan spaces,presidia,"located amidst the greens of pune city, it's exactly where you wish to reach at the end of the day - a serene cocoon where the fun is complementary. be ready to unwind in the swamp of premium facilities and a posh lifestyle every day. accept the pass to breathe in peace.",1,0,0,0,1,1,1,1463.0,187.0
pune,maharashtra,india,3.5,nibm,kundan spaces,presidia,its time to break the monotony with presidia. presidia is for the ones who dare to dream and have the motivation to achieve it! we believe that individuals with big aspirations have a greater chance of success as compared to those who do not dream at all.,1,0,0,0,1,1,1,1671.0,211.0
pune,maharashtra,india,3.5,nibm,kundan spaces,presidia,"with our experience and knowledge, we have created homes that will never let you stop dreaming! with kundan spaces we have created a complex that boasts of the highest standards of quality, precision engineering and an unbreakable promise of a comfortable and happy lifestyle.",1,0,0,0,1,1,1,1687.0,213.0
pune,maharashtra,india,1,bt kawade rd,kundan spaces,eternia 2.0,"eternia 2.0 has been designed taking into consideration the demands of modern nuclear families. in addition to that, the keshavnagar area is one that is rapidly developing; it can offer you ease of conveyance; it is near to kharadi, magarpatta city, koregaon park, viman nagar and hadapsar.",1,0,0,0,1,1,1,575.0,65.0
pune,maharashtra,india,2,bt kawade rd,kundan spaces,eternia 2.0,"with eternia 2.0, you can rest assured that you have found the perfect safe haven for your family. with firefighting systems with emergency alarams, solar water systems, provision for commonantenna.",1,0,0,0,1,1,1,751.0,84.0
pune,maharashtra,india,2,bt kawade rd,kundan spaces,eternia 2.0,"11 storeys of grandeur await you at bt kawade rd, a thriving urban set up teeming with modern conveniences easily accessible from the pune-mumbai expressway. a home in kundan spaces has all the hallmarks of a kool home; thoughtful design,",1,0,0,0,1,1,1,761.0,85.0
pune,maharashtra,india,2,bt kawade rd,kundan spaces,eternia 2.0,"expensive green spaces, enriching facilities, extravagant amenities and much more. inspired by our pursuit to delight our customer, we have created eternia 2.0 - a home of your own that is an emblem of honour, pride and satisfaction.",1,0,0,0,1,1,1,871.0,96.0
pune,maharashtra,india,3,bt kawade rd,kundan spaces,eternia 2.0,"strategically located in bt kawade rd, pune's quaint, nature-loving and yet, well-connected suburb, eternia 2.0 - i welcomes you to experience the height of high living. standing 21 storeys tall, the project assures a healthier and happier life amidst greenery and incredible scenery.",1,0,0,0,1,1,1,1166.0,129.0
pune,maharashtra,india,3,bt kawade rd,kundan spaces,eternia 2.0,"bid goodbye to pollution, traffic, long commutes, and city noises as you embrace a home that rises above the rest. it's the address where dreams come true, where families bond forever and where time is always your friend, never your enemy!",1,0,0,0,1,1,1,1206.0,133.0
pune,maharashtra,india,3,bt kawade rd,kundan spaces,eternia 2.0,"booming with commercial and residential growth, infrastructural development and high appreciation, kundan spaces is the next big destination!",1,0,0,0,1,1,1,1272.0,139.0
pune,maharashtra,india,3,bt kawade rd,kundan spaces,eternia 2.0,"as they say, we live only once. and how very true it is. so in this precious life, you need a home that gives you the much needed impetus to transcend limits and explore joy to the fullest. so welcome to eternia 2.0",1,0,0,0,1,1,1,1279.0,140.0
pune,maharashtra,india,2,undri,venkatesh bhoomi construction,bliss solitaire,"welcome to bliss solitaire located at just the perfect hotspot of undri, it is a treasure of invigorating experiences. unlock it. own a spacious home here and embrace the inclusive one life.",0,0,0,0,1,0,0,646.0,43.2
pune,maharashtra,india,2,undri,venkatesh bhoomi construction,bliss solitaire,"ever wondered how it would be to live in the midst of pristine purity of nature the refreshing bliss of waking up to a sunrise of clean, un-polluted air and the symphony of birdsong. bliss solitaire is situated at the entrance of pune and has close access to old and new highway.",0,0,0,0,1,0,0,717.0,47.4
pune,maharashtra,india,1,handewadi,lush life,impero,"impero is an endeavor which boasts of high quality product in its class, cn heights la a p+12 story residential building of three towers and spread on 7 acres of land and 144 units of 2 and 3 bhk in total .",0,0,0,0,1,0,0,436.0,30.58
pune,maharashtra,india,2,handewadi,lush life,impero,"impero enjoys the best of both world the active business, cultural and spiritual life that pune is known for, and easy access to its reputed schools and health facilities.",0,0,0,0,1,0,0,637.0,43.49
pune,maharashtra,india,2,handewadi,lush life,impero,"impero provides for ample space for common areas and amenities. the design allows for free flow without interference. the movement of vehicles are separate from walking areas, leaving away the fumes and noise of the vehicles.",0,0,0,0,1,0,0,642.0,43.83
pune,maharashtra,india,2,handewadi,lush life,impero,a grand entrance gate with security cabin and well paved entrance avenue with landscaping to welcome you.these exquisite homes come with lavish amenities and features that make your life the best it can be.,0,0,0,0,1,0,0,655.0,44.44
pune,maharashtra,india,2,handewadi,lush life,impero,"experience luxury in the lap of nature at impero. here, traffic noises are replaced with chirping birds, distressed evenings are replaced with refreshing dips in the pool, and hectic nights are replaced with a calm and serene environment.",0,0,0,0,1,0,0,668.0,45.52
pune,maharashtra,india,3,handewadi,lush life,impero,"located in the rapidly developing suburb of handewadi, impero promises to transform your life in countless ways. surrounded by lush greenery, open skies and luxurious amenities, your home at impero allows you to upgrade your life like never before.",0,0,0,0,1,0,0,810.0,54.0
pune,maharashtra,india,2,karvanagar,maha anand pinnac associates,river dale residency,"river dale residency is a residential development in karvanagar, pune. the project is built by maha anand pinnac associates . they provide 2bhk, 3bhk apartments with all necessities and basic amenities",0,0,0,0,1,0,1,735.0,111.0
pune,maharashtra,india,2,karvanagar,maha anand pinnac associates,river dale residency,"the project boasts 3 elegant towers of 12 stories, offering 2,3 & 4 bedroom apartment in karvanagar, pune. with the quality specification, pleasing design, and great community living",0,0,0,0,1,0,1,783.0,118.0
pune,maharashtra,india,2,karvanagar,maha anand pinnac associates,river dale residency,"with health, and transport facilities within 1 to 1.5 km vicinity, 'river dale residency' - a complete package of quality living with happiness and peace of mind.",0,0,0,0,1,0,1,805.0,121.0
pune,maharashtra,india,3,karvanagar,maha anand pinnac associates,river dale residency,"a modern day paradise, river dale residency is where nature unravels her pristine form. the project offers elegant 1 & 2 bhk homes that spell sophistication in its truest sense.",0,0,0,0,1,0,1,1074.0,162.0
pune,maharashtra,india,3,karvanagar,maha anand pinnac associates,river dale residency,"here every day you'll be mesmerised by the scenic setting of the meandering indrayani river, paceful environs and rollicking hills. eco-riendly in outlook yet exquisite in design, it is embellished with top notch amenities that make way for a top class lifestyle. luxurious living is now within yor reach.",0,0,0,0,1,0,1,1111.0,167.0
pune,maharashtra,india,1,nibm,vasupujya corporation,neco beaumont,"spaces which are well designed to give you the ultimate joy of living. this project is truly a space which gives you nothing but happiness, as this project is the right blend of affordability, affinity and amenities.",1,0,0,0,1,0,1,535.0,36.0
pune,maharashtra,india,2,nibm,vasupujya corporation,neco beaumont,"our 1 and 2 bhk flats have prices which will go easy on your pocket, affinity with all the happening and hot spots of the city and amenities which help you lead a comfortable life. thus making neco beaumont a project full of spaces filled with happiness",1,0,0,0,1,0,1,725.0,52.0
pune,maharashtra,india,2,magarpatta,ace constructions,anutham,"anutham is a premium residential project strategically located in the beautiful, upscale locale ofmagarpatta that stands out as a true symbol of tasteful luxurious living.",1,0,0,0,1,0,0,810.0,79.0
pune,maharashtra,india,3,magarpatta,ace constructions,anutham,"this lavish and thoughtfully designed multi-storied project consists of 154 units of 2 bhk and 3 bhk apartments. each home features dedicated wardrobe niches in master bedroom, branded bathroom fittings, space-efficient for modular kitchen, and large living space.",1,0,0,0,1,0,0,947.0,97.0
pune,maharashtra,india,2,hinjewadi,shapoorji paloonji,sensorium,"""prime living in the heart of south pune experience that top-of-the-world feeling every time you're home. ensconced in comfort,wrapped in delight, with a prime location in the clean,refreshing ambiences of hinjewadi , surrounded by nature but surprisingly close to the central business district of mg road.",1,0,0,0,1,1,1,697.0,68.06
pune,maharashtra,india,2,hinjewadi,shapoorji paloonji,sensorium,"ensconced in the centrally-located area of koregaon park annexe, sensorium is easily accessible from pune's top it parks, public transport hubs and many more",1,0,0,0,1,1,1,711.0,68.41
pune,maharashtra,india,2,hinjewadi,shapoorji paloonji,sensorium,"a new home here, at sensorium , provides all the perks, comforts and conveniences of premier housing locations, without tugging too hard at your pocket.",1,0,0,0,1,1,1,792.0,78.0
pune,maharashtra,india,3,hinjewadi,shapoorji paloonji,sensorium,"presenting sensorium - the kohinoor of hinjewadi . it's a premium residential address that houses 2, 3 bhks in north-eastern pune. built with a strategic view to lace your life with opulent everything, sensorium is a delight for families who wish to stay connected to the world.",1,0,0,0,1,1,1,980.0,98.87
pune,maharashtra,india,2,hinjewadi,shapoorji paloonji,sensorium,"thoughtfully located in one of the fastest growing corners of the city, it serves you premiumness on a platter of life-enriching amenities and basic requirements at sensorium,",1,0,0,0,1,1,1,1400.0,140.0
pune,maharashtra,india,3,hinjewadi,shapoorji paloonji,sensorium,"the project is a perfect amalgamation of affordability and contemporary luxuries and located in hinjewadi. the location is just 3 km from hadapsar, and is renowned for the truly remarkable phursungi it park.",1,0,0,0,1,1,1,1772.0,177.0
pune,maharashtra,india,2,hadapsar,wellwisher apartments,kiarah terrazo,"hadapsar, which is a highly developed area, is known as one of the it hotspots of the city. the location phursungi enjoys all the infrastructural developments of hadapsar and at the same time, it avails the advantage of unparalleled affordability, thus making it ideal a residential locale.",0,0,0,0,1,0,0,732.0,68.8
pune,maharashtra,india,2,hadapsar,wellwisher apartments,kiarah terrazo,"at kiarah terrazo, we have striven to create a utopia of leisures for every one of its residents. the unparalleled profusion of world-class amenities oered by these homes is sure to have a profound eect on your pursuit towards leading a cherished lifestyle.",0,0,0,0,1,0,0,751.0,68.8
pune,maharashtra,india,5,hadapsar,wellwisher apartments,kiarah terrazo,"pune's fastest-growing property hotspot, kiarah terrazo, offers a strategic address that is perfect for a lifestyle upgrade! coming from the real estate leaders of pune, wellwisher apartments offers an upscaled phase 3 with luxuriously spacious 2, 2.5, and 3 bhk homes!",0,0,0,0,1,0,0,1662.0,130.0
pune,maharashtra,india,2,ravet,dolphin group,dolphin garima,a home here delights you with smart connectivity to essential destinations and luxury that is balanced at a location that is bustling with growth. a perfect address to make the boss move!,0,0,0,0,0,0,1,705.0,48.0
pune,maharashtra,india,2,ravet,dolphin group,dolphin garima,discover a lifestyle at dolphin garima to which nothing comes quite as close. only best of the best and the rarest of the rare can offer something as divine. welcome to a world where you would experience freedom of an altogether new kind.,0,0,0,0,0,0,1,726.0,51.0
pune,maharashtra,india,2,ravet,dolphin group,dolphin garima,"it's a world of positive energy and healthy vibes that would ensure strong family bonding and inspire a community that shares and cares. welcome to the uniquely different homes of dolphin garima ,",0,0,0,0,0,0,1,809.0,56.0
pune,maharashtra,india,2,vimannagar,oxy buildcorp,oxy beaumonde,"presenting oxy beaumonde ! located at the strategic location of oxy beaumonde offers a life of utmost comfort and convenience. the location will offer you excellent connectivity to many important locations in western pune. not just the location, even the architecture and planning will give you a thousand reasons to make oxy beaumonde your home!",1,0,0,0,1,1,1,734.0,95.0
pune,maharashtra,india,2,vimannagar,oxy buildcorp,oxy beaumonde,"oxy beaumonde , a 400 acre destination at charholi is the long-awaited response for progressive, luxurious, world-class projects in pune. it has house premium projects that offer all lifestyle experiences",1,0,0,0,1,1,1,793.0,110.0
pune,maharashtra,india,2,vimannagar,oxy buildcorp,oxy beaumonde,"oxy beaumonde also offers to create an enthralling living experience that is harmonious and sensitive to the surrounding ecology, and yet facilitates a high-quality lifestyle that is built on robust foundations of universal design and world-class infrastructure.",1,0,0,0,1,1,1,904.0,118.0
pune,maharashtra,india,3,vimannagar,oxy buildcorp,oxy beaumonde,every oxy beaumonde home is a triumph of design thinking and atenntion to the requirements of the ultimate user - the resident. these homes are no different. each one is unique and a art of design,1,0,0,0,1,1,1,1154.0,146.0
pune,maharashtra,india,3,vimannagar,oxy buildcorp,oxy beaumonde,"oxy buildcorp has taken it a notch higher. with developments of newer demands, design also has adapted and so has theoxy beaumonde . come discover a refreshingly delightful living space with us!",1,0,0,0,1,1,1,1168.0,147.0
pune,maharashtra,india,3,vimannagar,oxy buildcorp,oxy beaumonde,"proudly presenting oxy beaumonde located in vimannagar, oxy beaumonde is the new address for luxury and comfort. offering you a choice of spacious 2 & 3 bhk homes. presenting super homes at oxy beaumonde .",1,0,0,0,1,1,1,1189.0,149.0
pune,maharashtra,india,1,hinjewadi,kohinoor group,sportsville,"the project offer a delightful mix of well planned apartments along with exciting amenities. the homes are adorned with branded fittings. besides, you can experience comfort and convenience at all times.",0,0,0,0,1,1,1,479.0,38.68
pune,maharashtra,india,2,hinjewadi,kohinoor group,sportsville,"what's more, the connectivity to prime locations will make your life blissful. so book a super home at sportsville the destination of the future.",0,0,0,0,1,1,1,693.0,58.0
pune,maharashtra,india,2,hinjewadi,kohinoor group,sportsville,"welcome to your world; a world most only dream about. a world of sublime case, of high living and quiet contentment, where every prospect pleases. a place where you can indulge the lightest of whims and live the life of abundance you know you deserve",0,0,0,0,1,1,1,725.0,60.72
pune,maharashtra,india,2,bt kawade rd,kohinoor group,presidenta,presidenta by kohinoor group is a residential project. the project offers apartment with perfect combination of contemporary architecture and features to provide comfortable living.,0,0,0,0,1,1,1,808.0,81.49
pune,maharashtra,india,3,bt kawade rd,kohinoor group,presidenta,every presidenta home is a triumph of design thinking and atenntion to the requirements of the ultimate user - the resident. these homes are no different. each one is unique.,0,0,0,0,1,1,1,1086.0,108.0
pune,maharashtra,india,2,wadgaon sheri,bhaktamar realities,bhaktamar residency,bhaktamar residency by bhaktamar realities is a residential project. the project offers apartment with perfect combination of contemporary architecture and features to provide comfortable living.,1,0,0,0,1,1,1,785.0,74.5
pune,maharashtra,india,2,wadgaon sheri,bhaktamar realities,bhaktamar residency,"a galactic scheme having the perfect harmony of high connectivity with the bustling hubs of pune city kharadi. it is surrounded by natural beauty on all sides ensuring the needs of safety, security and utmost privacy are all taken care of.",1,0,0,0,1,1,1,844.0,80.59
pune,maharashtra,india,2,wadgaon sheri,bhaktamar realities,bhaktamar residency,"presenting a new residential address in wadgaon sheri to melt that chaos into calm. located amidst the greens of pune city, it's exactly where you wish to reach at the end of the day - a serene cocoon where the fun is complementary.",1,0,0,0,1,1,1,873.0,83.0
pune,maharashtra,india,2,susgaon,porwal & anand develkoper,parklane urbanjoy,one of the finest communities of pune - parklane urbanjoy first choice for home buyers adjacent to 200 acres of forest and an array of unique amenities is upcoming residential property established nibm of pune with including smart apartments.,1,0,0,0,1,1,1,606.0,47.25
pune,maharashtra,india,2,susgaon,porwal & anand develkoper,parklane urbanjoy,parklane urbanjoy pune it includes 2 bhk smart flats. this is an elegant creation of porwal & anand develkoper amongst high residential locality this is a wonderful creation of major porwal & anand develkoper amongst high residential locality.,1,0,0,0,1,1,1,611.0,47.5
pune,maharashtra,india,2,susgaon,porwal & anand develkoper,parklane urbanjoy,"with luxury homes, you will go on the level of enlarging in terms of living style in pune, because the property has a large region for upcoming apartments.",1,0,0,0,1,1,1,626.0,48.43
pune,maharashtra,india,2,susgaon,porwal & anand develkoper,parklane urbanjoy,"parklane urbanjoy is inspiring in design, stirring in luxury and enveloped by verdant surroundings. parklane urbanjoy goal is to deliver developments that are finely crafted, and where the quality of finish shine through in every development, from inception to completion.",1,0,0,0,1,1,1,691.0,55.26
pune,maharashtra,india,3,susgaon,porwal & anand develkoper,parklane urbanjoy,"parklane urbanjoy is an ultimate reflection of the urban chic lifestyle brought to us by porwal & anand develkoper. the project hosts in its lap 188 exclusively designed apartments, each being an epitome of elegance and simplicity. parklane urbanjoy comprises every modern amenity required for a luxury living.",1,0,0,0,1,1,1,835.0,66.0
pune,maharashtra,india,3,susgaon,porwal & anand develkoper,parklane urbanjoy,parklane urbanjoy is an ultimate reflection of the urban chic lifestyle brought to us by porwal & anand develkoper. parklane urbanjoy comprises every modern amenity required for a luxury living.,1,0,0,0,1,1,1,854.0,67.0
pune,maharashtra,india,2,mohammadwadi,porwal  develkoper,khush vista,"khush vista is a project by magarpatta city in pune. located in mohammedwadi, it is a residential project. the address of riverview city is mohammedwadi.",1,0,0,0,1,0,0,626.0,45.7
pune,maharashtra,india,2,mohammadwadi,porwal  develkoper,khush vista,"welcome to your world, a world of sublime case, of high living and quiet contentment, where every prospect pleases. a place where you can indulge the lightest of whims and live the life of abundance you know you deserve",1,0,0,0,1,0,0,715.0,45.5
pune,maharashtra,india,2,dhanori,keystone landmark,oxy eterno,"oxy eterno ensures a coveted lifestyle and offers a convenient living. it offers facilities such as rainwater harvesting, power backup. the property has fire sprinklers.oxy eterno is well-connected to other parts of the city via an extensive road.",0,0,0,0,1,0,0,692.5,59.0
pune,maharashtra,india,3,dhanori,keystone landmark,oxy eterno,"welcome to your world; a world most only dream about. a world of sublime case, of high living and quiet contentment, where every prospect pleases. a place where you can live the life of abundance you know you deserve",0,0,0,0,1,0,0,968.0,87.0
pune,maharashtra,india,3,dhanori,keystone landmark,oxy eterno,not every day would you come across a development that stimulates the soul and inspires the senses. be uplifted by the greenery around you. fall in love with the melodious chirps of the birds. soak in the bliss of fresh air all day. experiences like these truly make life magical. go ahead and embrace them,0,0,0,0,1,0,0,996.0,89.0
pune,maharashtra,india,3,dhanori,keystone landmark,oxy eterno,"oxy eterno, a 400 acre destination at charholi is the long-awaited response for progressive, luxurious, world-class projects in pune. it has house premium projects that offer all lifestyle experiences, without the urban difficulties of pollution, traffic, space congestion and more.",0,0,0,0,1,0,0,1038.0,92.0
pune,maharashtra,india,1,bavdhan budruk,puraniks,abitante fiore,"abitante fiore offers to create an enthralling living experience that is harmonious and sensitive to the surrounding ecology, and yet facilitates a high-quality lifestyle that is built on robust foundations of universal design and world-class infrastructure.",1,0,0,0,1,1,1,489.0,43.8
pune,maharashtra,india,2,bavdhan budruk,puraniks,abitante fiore,everyabitante fiore home is a triumph of design thinking and atenntion to the requirements of the ultimate user - the resident. these homes are no different.with all basic amenities,1,0,0,0,1,1,1,598.0,55.3
pune,maharashtra,india,2,bavdhan budruk,puraniks,abitante fiore,"abitante fiore has taken it a notch higher. with developments of newer demands, design also has adapted and so has the regency home. come discover a refreshingly delightful living space with us!",1,0,0,0,1,1,1,616.0,56.5
pune,maharashtra,india,2,bavdhan budruk,puraniks,abitante fiore,"proudly presenting abitante fiore located in bavdhan budruk , abitante fiore is the new address for luxury and comfort. offering you a choice of spacious 2 & 3 bhk homes. presenting super homes at abitante fiore.",1,0,0,0,1,1,1,692.0,62.3
pune,maharashtra,india,3,bavdhan budruk,puraniks,abitante fiore,"the project offer a delightful mix of well planned apartments along with exciting amenities. the homes are adorned with branded fittings. besides, you can experience comfort and convenience at all times.",1,0,0,0,1,1,1,867.0,79.3
pune,maharashtra,india,3,bavdhan budruk,puraniks,abitante fiore,"what's more, the connectivity to prime locations will make your life blissful, with all basic requirements being met and ultra tech facilities. so book a super home at abitante fiore the destination of the future.",1,0,0,0,1,1,1,908.0,82.5
pune,maharashtra,india,3,lonavala,puraniks,puraniks sayama,"welcome to your world; a world most only dream about. a world of sublime case, of high living and quiet contentment, where every prospect pleases. a place where you can indulge the lightest of whims and live the life of abundance you know you deserve",1,0,0,0,1,1,1,1624.0,159.0
pune,maharashtra,india,4,lonavala,puraniks,puraniks sayama,"a galactic scheme having the perfect harmony of high connectivity with the bustling hubs of pune city kharadi, magarpatta city, koregaon park, viman nagar and hadapsar. it is surrounded by natural beauty on all sides ensuring the needs of safety, security and utmost privacy are all taken care of.",1,0,0,0,1,1,1,2043.0,215.0
pune,maharashtra,india,2,handewadi,majestique landmarks,rhythm county,"wisdom park in balewadi, pune by chandrarang developers and sai shraddha associates is a residential project. the project offers apartment with perfect combination of contemporary architecture and features to provide comfortable living.",0,0,0,0,1,1,0,727.0,45.74
pune,maharashtra,india,3,handewadi,majestique landmarks,rhythm county,urban lifestyle comes with chaos - where everyone is trying to reach somewhere. presenting a new residential address in handewadito melt that chaos into calm.,0,0,0,0,1,1,0,923.0,58.95
pune,maharashtra,india,2,manjri,kalpataru,kalpataru serenity,"located amidst the greens of pune city, it's exactly where you wish to reach at the end of the day - a serene cocoon where the fun is complementary. be ready to unwind in the swamp of premium facilities and a posh lifestyle every day at kalpataru serenity.",1,0,0,0,1,1,1,731.5,59.0
pune,maharashtra,india,3,manjri,kalpataru,kalpataru serenity,kalpataru the biggest opportunity in nibm pune by india's most trusted developer. one of the finest communities of pune - kalpataru first choice for home buyers adjacent to 200 acres of forest and an array of unique amenities is upcoming residential property established nibm of pune.,1,0,0,0,1,1,1,1073.5,109.0
pune,maharashtra,india,2,kharadi,vijaya laxmi creations,satyam shivam,"vijaya laxmi creations, it includes 2 bhk smart flats. this is an elegant creation of realty vijaya laxmi creations amongst high residential locality this is a wonderful creation of major realty vijaya laxmi creations amongst high residential locality.",1,0,0,0,1,0,1,408.0,39.99
pune,maharashtra,india,2,kharadi,vijaya laxmi creations,satyam shivam,"with luxury homes, you will go on the level of enlarging in terms of living style in pune, because the property has a large region for upcoming apartments., satyam shivam is the right choice for you.",1,0,0,0,1,0,1,546.0,53.99
pune,maharashtra,india,2,kharadi,vijaya laxmi creations,satyam shivam,"satyam shivam is inspiring in design, stirring in luxury and enveloped by verdant surroundings.satyam shivam goal is to deliver developments that are finely crafted, and where the quality of finish shine through in every development, from inception to completion.",1,0,0,0,1,0,1,629.0,59.99
pune,maharashtra,india,1,wadgaon sheri,vijaya laxmi creations,satyam serenity,"satyam serenity is an ultimate reflection of the urban chic lifestyle brought to us by satyam serenity. the project hosts in its lap 188 exclusively designed apartments, each being an epitome of elegance and simplicity. satyam serenity world comprises every modern amenity required for a luxury living.",1,0,0,0,1,0,1,378.0,33.0
pune,maharashtra,india,1,wadgaon sheri,vijaya laxmi creations,satyam serenity,"satyam serenity is a project by vijaya laxmi creations in pune. located in wadgaon sheri , it is a residential project. the address of satyam serenity is loni kalbhor.satyam serenity ensures a coveted lifestyle and offers a convenient living. it offers facilities such as rainwater harvesting, power backup. the property has fire sprinklers.",1,0,0,0,1,0,1,494.0,47.0
pune,maharashtra,india,2,wadgaon sheri,vijaya laxmi creations,satyam serenity,satyam serenity is well-connected to other parts of the city via an extensive road. it also has all the ammenties that you need in a premium scale and offers a lot.,1,0,0,0,1,0,1,780.0,70.0
pune,maharashtra,india,2,wadgaon sheri,vijaya laxmi creations,satyam serenity,not every day would you come across a development that stimulates the soul and inspires the senses. be uplifted by the greenery around you. fall in love with the melodious chirps of the birds. soak in the bliss of fresh air all day. experiences like these truly make life magical. go ahead and embrace them,1,0,0,0,1,0,1,850.0,73.0
pune,maharashtra,india,2,wadgaon sheri,vijaya laxmi creations,satyam serenity,"the most wonderful taste of serenity it is said is found by the love you create for yourself and those around you. ample lighting, unlimited ventilation and plentiful privacy, at splendid is a calm oasis of unlimited peace and happiness in the midst of a hustling city.",1,0,0,0,1,0,1,900.0,78.0
pune,maharashtra,india,2,wadgaon sheri,vijaya laxmi creations,satyam serenity,"a palatial celebration of effortless living, splendid is located at the cusp of baner, is in close proximity to famous schools, and every other civic amenity imaginable so that you spend less time on the road and more at home.",1,0,0,0,1,0,1,930.0,83.0
pune,maharashtra,india,3,baner,kalpataru,jade residences,"jade residences , is a unique landmark of luxury, simplicity & elegant crafted to deliver the finest that life has to offer to the choicest few. a home that understands you and lives your way of life.",0,0,0,0,1,1,0,1272.5,175.0
pune,maharashtra,india,3.5,baner,kalpataru,jade residences,"the comfort of a locality that enables peaceful times and a quick commute; or a neighbourhood that's friendly, thriving and happy; or a home that's spacious, smartly planned and affordably priced- that's just a glimpse into the world of jade residences .",0,0,0,0,1,1,0,1740.0,250.0
pune,maharashtra,india,4.5,baner,kalpataru,jade residences,. confidence comes from conviction. a conviction that the best-practices being implemented in our projects are same as the ones implemented globally. welcome to jade residences .,0,0,0,0,1,1,0,2447.0,420.0
pune,maharashtra,india,1,bavdhan,vijaya laxmi infrarealtors,satyam shery,"spread over 14 acres, satyam shery comprises 9 contemporary towers with over 20 key amenities including a modern clubhouse and a pool. the residences offer stunning views of pune's urbanscape, while almost 60% of the open area is beautifully landscaped.",1,0,0,0,1,0,0,405.0,39.49
pune,maharashtra,india,1,bavdhan,vijaya laxmi infrarealtors,satyam shery,not every day would you come across a development that stimulates the soul and inspires the senses. soak in the bliss of fresh air all day. experiences like these truly make life magical. go ahead and embrace them,1,0,0,0,1,0,0,408.0,39.49
pune,maharashtra,india,1,bavdhan,vijaya laxmi infrarealtors,satyam shery,"a project consists of beautiful and well designed 1 & 2 bhk apartments, excellent quality construction, modern amenities and refreshing nature. satyam shery fullfills all the needs which every family can think on.",1,0,0,0,1,0,0,392.0,39.49
pune,maharashtra,india,2,bavdhan,vijaya laxmi infrarealtors,satyam shery,"urbania mangalam offers a life of calm serenity with all benefits of city life with a superbly connected areas.located near a famous divine place sant dnyaneshwar temple, alandi & close to shree aniruddha bapu upasana temple.",1,0,0,0,1,0,0,667.0,64.99
pune,maharashtra,india,2,bavdhan,vijaya laxmi infrarealtors,satyam shery,satyam shrey is a residential project comprising of 1 & 2 bhk apartment units. this is a single tower project comprising of total 80 units distributed equally over 10 floors. the apartments are designed specifically keeping in mind the requirements of optimum utilization of usable space.,1,0,0,0,1,0,0,641.0,64.99
pune,maharashtra,india,2,bavdhan,vijaya laxmi infrarealtors,satyam shery,"vijaya laxmi infrarealtors is an aspirational residential project in bavdhan one of the fastest-growing suburbs of pune. beautifully designed for the people who do not want to settle down for less, this residential development is an array of features.",1,0,0,0,1,0,0,665.0,64.99
pune,maharashtra,india,1,talegoan,calyx spaces,atulya kanhe,be uplifted by the greenery around you at atulya kanhe . fall in love with the melodious chirps of the birds. soak in the bliss of fresh air all day. experiences like these truly make life magical. go ahead and embrace them,1,0,0,0,1,1,1,280.0,13.19
pune,maharashtra,india,2,talegoan,calyx spaces,atulya kanhe,we thought of the things that can be incorporated in 2 bhk flats to suit a modern urban lifestyle and have incorporated the same in '47 east'. the project is spread over approx. 6 acres of the prime location along magarpatta road.,1,0,0,0,1,0,1,385.0,17.29
pune,maharashtra,india,2,baner,supreme,supreme estia,not every day would you come across a development that stimulates the soul and inspires the senses. be uplifted by the greenery around you. fall in love with the melodious chirps of the birds. soak in the bliss of fresh air all day.,1,0,0,0,1,1,1,730.0,87.0
pune,maharashtra,india,3,baner,supreme,supreme estia,"it is in proximity to kharadi, kalyani nagar and koregaon park providing both work-n-fun within easy driving distance. '47 east' is situated near the supreme estia , with several reputed schools in the vicinity. it can't get better than this!",1,0,0,0,1,1,1,1135.0,129.0
pune,maharashtra,india,3,baner,supreme,supreme estia,"supreme estia - the name itself emanates a feeling of exclusivity and magnificence.the most premium spice. inspired by the essence of this exclusive gift of nature, supreme constructions proudly presents supreme estia - a methodically planned residential project of 1 & 2 bhk apartments accessorized with smart specs and indulging amenities.",1,0,0,0,1,1,1,1350.0,160.0
pune,maharashtra,india,4,baner,supreme,supreme estia,not every day would you come across a development that stimulates the soul and inspires the senses. be uplifted by the greenery around you. fall in love with the melodious chirps of the birds. experiences like these truly make life magical. go ahead and embrace them,1,0,0,0,1,1,1,1600.0,230.0
pune,maharashtra,india,2,baner,tejraaj group,tej elevia,"a lifestyle of abundance that fourishes amidst all the essentials of a bountiful living. it took the best of talents, planners, realty experts along with dedication, passion and love, to present you our best work.",0,0,0,0,1,1,1,789.0,95.0
pune,maharashtra,india,3,baner,tejraaj group,tej elevia,"we are proud of it.we are sure, you will fall in love with it too. after all, it was created to actualize your dreams, your aspirations. an exclusive landmark of brilliance and sophistication with all basic needs",0,0,0,0,1,1,1,1107.0,135.0
pune,maharashtra,india,2,baner,vtp reality,vtp solitaire,"a beautiful collection of ultra-modern homes, which will defi nitely exceed your expectations. elite spaces crafted for those connoisseurs of fine taste, who can admire the class and craft of an iconic creation., with all basic amenities",1,0,0,0,1,1,1,776.0,90.68
